<?xml version="1.0" encoding="UTF-8"?>
<project-private xmlns="http://www.netbeans.org/ns/project-private/1">
    <editor-bookmarks xmlns="http://www.netbeans.org/ns/editor-bookmarks/2" lastBookmarkId="0"/>
    <open-files xmlns="http://www.netbeans.org/ns/projectui-open-files/2">
        <group>
            <file>file:/C:/Users/joses/OneDrive/Documentos/NetBeansProjects/ReproductordeMusica/src/reproductordemusica/Reproductor.java</file>
            <file>file:/C:/Users/joses/OneDrive/Documentos/NetBeansProjects/ReproductordeMusica/src/reproductordemusica/Cancion.java</file>
            <file>file:/C:/Users/joses/OneDrive/Documentos/NetBeansProjects/ReproductordeMusica/src/reproductordemusica/Biblioteca.java</file>
            <file>file:/C:/Users/joses/OneDrive/Documentos/NetBeansProjects/ReproductordeMusica/src/reproductordemusica/ReproductordeMusica.java</file>
            <file>file:/C:/Users/joses/OneDrive/Documentos/NetBeansProjects/ReproductordeMusica/src/reproductordemusica/ListaDeReproduccion.java</file>
        </group>
    </open-files>
</project-private>
